{
    "description": "SVG 语言支持",
    "configuration.title": "SVG 语言",
    "svg.minifySvg.title": "压缩 SVG",
    "svg.prettySvg.title": "优化 SVG",
    "svg.showSvg.title": "预览 SVG",
    "configuration.completion.showAdvanced.title": "在完成列表中显示高级选项。",
    "configuration.completion.showAdvanced.description": "指定是否在完成列表中显示不常用的高级选项。",
    "configuration.completion.disableFormatOnSave.title": "禁用保存时格式化 SVG",
    "configuration.completion.disableFormatOnSave.description": "忽略 editor.formatOnSave = true 设置，强制禁用保存时格式化",
    "configuration.completion.showDeprecated.title": "显示已弃用选项。",
    "configuration.completion.showDeprecated.description": "指定是否在完成列表中显示已弃用的选项。",
    "configuration.completion.emmet.title": "Emmet 样式自动完成",
    "configuration.completion.emmet.description": "指示是否启用 Emmet 样式的完成列表",
    "configuration.format.plugins.title": "格式化 SVGO 插件数组",
    "configuration.format.plugins.description": "每一项对应启用一个 SVGO 插件，其余的被禁用",
    "configuration.pretty.plugins.title": "SVGO 插件数组",
    "configuration.pretty.plugins.description": "每一项对应启用一个 SVGO 插件，其余的被禁用",
    "configuration.version.title": "SVG 版本",
    "configuration.version.description": "指定将用于自动完成和验证的 SVG 标准版本。"
}