{
    "description": "SVG Coding, Minify, Pretty, Preview All-In-One",
    "configuration.title": "SVG",
    "svg.minifySvg.title": "Minify SVG",
    "svg.prettySvg.title": "Pretty SVG",
    "svg.showSvg.title": "Preview SVG",
    "configuration.completion.showAdvanced.title": "Show advanced items in completion list.",
    "configuration.completion.showAdvanced.description": "Specifies whether advanced items that are not commonly used are displayed in the AutoComplete list.",
    "configuration.completion.showDeprecated.title": "Show deprecated items in completion list.",
    "configuration.completion.showDeprecated.description": "Specifies whether advanced items that are deprecated are displayed in the AutoComplete list.",
    "configuration.completion.emmet.title": "Enable Emmet-style completion list.",
    "configuration.completion.emmet.description": "Indicates whether the Completion List of Emmet-styles is enabled.",
    "configuration.minifyPlugins.title": "SVGO plugins use by minify",
    "configuration.minifyPlugins.description": "Each items corresponds to a plugin that should be enabled, the rest is disabled.",
    "configuration.preview.background.title": "Svg Preview Background",
    "configuration.preview.background.description": "Specifies the Svg Preview Background",
    "configuration.preview.backgroundCustom.title": "Svg Preview Custom Background",
    "configuration.preview.backgroundCustom.description": "Specifies the Svg Preview Custom Background"
}
